"filename", "language", "JSON", "JavaScript", "Markdown", "JSON with Comments", "JavaScript JSX", "XML", "CSS", "comment", "blank", "total"
"/home/lukachikvaidze/projects/sheuketee/README.md", "Markdown", 0, 0, 20, 0, 0, 0, 0, 0, 13, 33
"/home/lukachikvaidze/projects/sheuketee/app.config.js", "JavaScript", 0, 11, 0, 0, 0, 0, 0, 2, 2, 15
"/home/lukachikvaidze/projects/sheuketee/app.config.timestamp_1737821533331 copy.js", "JavaScript", 0, 25, 0, 0, 0, 0, 0, 1, 1, 27
"/home/lukachikvaidze/projects/sheuketee/app.config.timestamp_1737827052263.js", "JavaScript", 0, 19, 0, 0, 0, 0, 0, 1, 1, 21
"/home/lukachikvaidze/projects/sheuketee/jsconfig.json", "JSON with Comments", 0, 0, 0, 11, 0, 0, 0, 0, 0, 11
"/home/lukachikvaidze/projects/sheuketee/package-lock.json", "JSON", 9346, 0, 0, 0, 0, 0, 0, 0, 1, 9347
"/home/lukachikvaidze/projects/sheuketee/package.json", "JSON", 37, 0, 0, 0, 0, 0, 0, 0, 1, 38
"/home/lukachikvaidze/projects/sheuketee/postcss.config.js", "JavaScript", 0, 6, 0, 0, 0, 0, 0, 0, 1, 7
"/home/lukachikvaidze/projects/sheuketee/src/Components/Categories.jsx", "JavaScript JSX", 0, 0, 0, 0, 106, 0, 0, 0, 1, 107
"/home/lukachikvaidze/projects/sheuketee/src/Components/EmailPassword.jsx", "JavaScript JSX", 0, 0, 0, 0, 39, 0, 0, 0, 2, 41
"/home/lukachikvaidze/projects/sheuketee/src/Components/FireworkConfetti.jsx", "JavaScript JSX", 0, 0, 0, 0, 30, 0, 0, 0, 8, 38
"/home/lukachikvaidze/projects/sheuketee/src/Components/Footer.jsx", "JavaScript JSX", 0, 0, 0, 0, 134, 0, 0, 0, 1, 135
"/home/lukachikvaidze/projects/sheuketee/src/Components/Header.jsx", "JavaScript JSX", 0, 0, 0, 0, 525, 0, 0, 3, 16, 544
"/home/lukachikvaidze/projects/sheuketee/src/Components/Hero_Second.jsx", "JavaScript JSX", 0, 0, 0, 0, 80, 0, 0, 0, 1, 81
"/home/lukachikvaidze/projects/sheuketee/src/Components/Hero_Section.jsx", "JavaScript JSX", 0, 0, 0, 0, 27, 0, 0, 0, 1, 28
"/home/lukachikvaidze/projects/sheuketee/src/Components/HirerLanding.jsx", "JavaScript JSX", 0, 0, 0, 0, 36, 0, 0, 0, 1, 37
"/home/lukachikvaidze/projects/sheuketee/src/Components/HowItWorks.jsx", "JavaScript JSX", 0, 0, 0, 0, 118, 0, 0, 0, 1, 119
"/home/lukachikvaidze/projects/sheuketee/src/Components/Loading.jsx", "JavaScript JSX", 0, 0, 0, 0, 10, 0, 0, 0, 3, 13
"/home/lukachikvaidze/projects/sheuketee/src/Components/NotAuthorized.jsx", "JavaScript JSX", 0, 0, 0, 0, 3, 0, 0, 0, 0, 3
"/home/lukachikvaidze/projects/sheuketee/src/Components/NotificationTools.jsx", "JavaScript JSX", 0, 0, 0, 0, 68, 0, 0, 1, 5, 74
"/home/lukachikvaidze/projects/sheuketee/src/Components/PeopleWorking.jsx", "JavaScript JSX", 0, 0, 0, 0, 143, 0, 0, 0, 5, 148
"/home/lukachikvaidze/projects/sheuketee/src/Components/Search.jsx", "JavaScript JSX", 0, 0, 0, 0, 30, 0, 0, 0, 4, 34
"/home/lukachikvaidze/projects/sheuketee/src/Components/SmallFooter.jsx", "JavaScript JSX", 0, 0, 0, 0, 20, 0, 0, 0, 2, 22
"/home/lukachikvaidze/projects/sheuketee/src/Components/SwiperComponent.jsx", "JavaScript JSX", 0, 0, 0, 0, 91, 0, 0, 2, 6, 99
"/home/lukachikvaidze/projects/sheuketee/src/Components/ToastComponent.jsx", "JavaScript JSX", 0, 0, 0, 0, 62, 0, 0, 0, 1, 63
"/home/lukachikvaidze/projects/sheuketee/src/Components/WorkerLanding.jsx", "JavaScript JSX", 0, 0, 0, 0, 36, 0, 0, 0, 1, 37
"/home/lukachikvaidze/projects/sheuketee/src/Components/cities.json", "JSON", 463, 0, 0, 0, 0, 0, 0, 0, 1, 464
"/home/lukachikvaidze/projects/sheuketee/src/Components/errors/ExtendedErrorFrontend.js", "JavaScript", 0, 12, 0, 0, 0, 0, 0, 0, 1, 13
"/home/lukachikvaidze/projects/sheuketee/src/Components/header-comps/WorkDropdown.jsx", "JavaScript JSX", 0, 0, 0, 0, 67, 0, 0, 0, 3, 70
"/home/lukachikvaidze/projects/sheuketee/src/Components/header-comps/jobs_list.json", "JSON", 291, 0, 0, 0, 0, 0, 0, 0, 0, 291
"/home/lukachikvaidze/projects/sheuketee/src/Components/hirer-guide/Hiring.jsx", "JavaScript JSX", 0, 0, 0, 0, 33, 0, 0, 0, 1, 34
"/home/lukachikvaidze/projects/sheuketee/src/Components/hirer-guide/InterviewWorker.jsx", "JavaScript JSX", 0, 0, 0, 0, 33, 0, 0, 0, 1, 34
"/home/lukachikvaidze/projects/sheuketee/src/Components/hirer-guide/NewPost.jsx", "JavaScript JSX", 0, 0, 0, 0, 33, 0, 0, 0, 1, 34
"/home/lukachikvaidze/projects/sheuketee/src/Components/hirer-guide/PayWorker.jsx", "JavaScript JSX", 0, 0, 0, 0, 33, 0, 0, 0, 1, 34
"/home/lukachikvaidze/projects/sheuketee/src/Components/readImagesWorker.js", "JavaScript", 0, 9, 0, 0, 0, 0, 0, 0, 2, 11
"/home/lukachikvaidze/projects/sheuketee/src/app.css", "CSS", 0, 0, 0, 0, 0, 0, 111, 0, 12, 123
"/home/lukachikvaidze/projects/sheuketee/src/app.jsx", "JavaScript JSX", 0, 0, 0, 0, 17, 0, 0, 0, 2, 19
"/home/lukachikvaidze/projects/sheuketee/src/entry-client.jsx", "JavaScript JSX", 0, 0, 0, 0, 3, 0, 0, 1, 1, 5
"/home/lukachikvaidze/projects/sheuketee/src/entry-server.jsx", "JavaScript JSX", 0, 0, 0, 0, 21, 0, 0, 1, 2, 24
"/home/lukachikvaidze/projects/sheuketee/src/global.d.js", "JavaScript", 0, 0, 0, 0, 0, 0, 0, 1, 1, 2
"/home/lukachikvaidze/projects/sheuketee/src/routes/(Landing).jsx", "JavaScript JSX", 0, 0, 0, 0, 23, 0, 0, 0, 2, 25
"/home/lukachikvaidze/projects/sheuketee/src/routes/account.jsx", "JavaScript JSX", 0, 0, 0, 0, 42, 0, 0, 0, 2, 44
"/home/lukachikvaidze/projects/sheuketee/src/routes/account/index.jsx", "JavaScript JSX", 0, 0, 0, 0, 191, 0, 0, 0, 13, 204
"/home/lukachikvaidze/projects/sheuketee/src/routes/account/notifications.jsx", "JavaScript JSX", 0, 0, 0, 0, 47, 0, 0, 0, 5, 52
"/home/lukachikvaidze/projects/sheuketee/src/routes/account/privacy.jsx", "JavaScript JSX", 0, 0, 0, 0, 91, 0, 0, 0, 7, 98
"/home/lukachikvaidze/projects/sheuketee/src/routes/api/authentication.js", "JavaScript", 0, 169, 0, 0, 0, 0, 0, 0, 20, 189
"/home/lukachikvaidze/projects/sheuketee/src/routes/api/damkveti/create_job.js", "JavaScript", 0, 0, 0, 0, 0, 0, 0, 181, 20, 201
"/home/lukachikvaidze/projects/sheuketee/src/routes/api/damkveti/job.js", "JavaScript", 0, 0, 0, 0, 0, 0, 0, 38, 5, 43
"/home/lukachikvaidze/projects/sheuketee/src/routes/api/damkveti/modify/date.js", "JavaScript", 0, 0, 0, 0, 0, 0, 0, 16, 4, 20
"/home/lukachikvaidze/projects/sheuketee/src/routes/api/damkveti/modify/location.js", "JavaScript", 0, 0, 0, 0, 0, 0, 0, 16, 4, 20
"/home/lukachikvaidze/projects/sheuketee/src/routes/api/damkveti/modify/password.js", "JavaScript", 0, 0, 0, 0, 0, 0, 0, 2, 2, 4
"/home/lukachikvaidze/projects/sheuketee/src/routes/api/damkveti/setup.js", "JavaScript", 0, 0, 0, 0, 0, 0, 0, 325, 50, 375
"/home/lukachikvaidze/projects/sheuketee/src/routes/api/damkveti/step.js", "JavaScript", 0, 0, 0, 0, 0, 0, 0, 44, 5, 49
"/home/lukachikvaidze/projects/sheuketee/src/routes/api/damkveti/upload_profile_picture_setup/[profId].js", "JavaScript", 0, 0, 0, 0, 0, 0, 0, 31, 8, 39
"/home/lukachikvaidze/projects/sheuketee/src/routes/api/header.js", "JavaScript", 0, 21, 0, 0, 0, 0, 0, 0, 3, 24
"/home/lukachikvaidze/projects/sheuketee/src/routes/api/jobs.js", "JavaScript", 0, 0, 0, 0, 0, 0, 0, 50, 7, 57
"/home/lukachikvaidze/projects/sheuketee/src/routes/api/password/find_user.js", "JavaScript", 0, 59, 0, 0, 0, 0, 0, 0, 7, 66
"/home/lukachikvaidze/projects/sheuketee/src/routes/api/password/reset.js", "JavaScript", 0, 36, 0, 0, 0, 0, 0, 0, 5, 41
"/home/lukachikvaidze/projects/sheuketee/src/routes/api/privacy.js", "JavaScript", 0, 83, 0, 0, 0, 0, 0, 0, 10, 93
"/home/lukachikvaidze/projects/sheuketee/src/routes/api/search.js", "JavaScript", 0, 0, 0, 0, 0, 0, 0, 59, 8, 67
"/home/lukachikvaidze/projects/sheuketee/src/routes/api/services/service.js", "JavaScript", 0, 19, 0, 0, 0, 0, 0, 0, 4, 23
"/home/lukachikvaidze/projects/sheuketee/src/routes/api/services/services.js", "JavaScript", 0, 226, 0, 0, 0, 0, 0, 0, 34, 260
"/home/lukachikvaidze/projects/sheuketee/src/routes/api/session_management.js", "JavaScript", 0, 32, 0, 0, 0, 0, 0, 0, 6, 38
"/home/lukachikvaidze/projects/sheuketee/src/routes/api/tags/job_tags.js", "JavaScript", 0, 18, 0, 0, 0, 0, 0, 6, 7, 31
"/home/lukachikvaidze/projects/sheuketee/src/routes/api/user.js", "JavaScript", 0, 436, 0, 0, 0, 0, 0, 1, 54, 491
"/home/lukachikvaidze/projects/sheuketee/src/routes/api/utils/errors/custom_errors.js", "JavaScript", 0, 7, 0, 0, 0, 0, 0, 0, 0, 7
"/home/lukachikvaidze/projects/sheuketee/src/routes/api/utils/errors/handle_errors.js", "JavaScript", 0, 28, 0, 0, 0, 0, 0, 0, 4, 32
"/home/lukachikvaidze/projects/sheuketee/src/routes/api/utils/ext_requests/fileserver_request.js", "JavaScript", 0, 18, 0, 0, 0, 0, 0, 0, 3, 21
"/home/lukachikvaidze/projects/sheuketee/src/routes/api/utils/ext_requests/memcached_server_request.js", "JavaScript", 0, 13, 0, 0, 0, 0, 0, 0, 1, 14
"/home/lukachikvaidze/projects/sheuketee/src/routes/api/utils/ext_requests/posgresql_server_request.js", "JavaScript", 0, 18, 0, 0, 0, 0, 0, 0, 3, 21
"/home/lukachikvaidze/projects/sheuketee/src/routes/api/utils/hide/mail.js", "JavaScript", 0, 7, 0, 0, 0, 0, 0, 0, 2, 9
"/home/lukachikvaidze/projects/sheuketee/src/routes/api/utils/mailer.js", "JavaScript", 0, 47, 0, 0, 0, 0, 0, 0, 6, 53
"/home/lukachikvaidze/projects/sheuketee/src/routes/api/utils/sms.js", "JavaScript", 0, 7, 0, 0, 0, 0, 0, 0, 2, 9
"/home/lukachikvaidze/projects/sheuketee/src/routes/api/utils/verification/phone/send_verification_code_phone.js", "JavaScript", 0, 0, 0, 0, 0, 0, 0, 45, 14, 59
"/home/lukachikvaidze/projects/sheuketee/src/routes/api/utils/verification/resend_verification_code.js", "JavaScript", 0, 49, 0, 0, 0, 0, 0, 10, 13, 72
"/home/lukachikvaidze/projects/sheuketee/src/routes/api/utils/verification/send_verification_code.js", "JavaScript", 0, 52, 0, 0, 0, 0, 0, 10, 12, 74
"/home/lukachikvaidze/projects/sheuketee/src/routes/api/utils/verification/validate_id.js", "JavaScript", 0, 34, 0, 0, 0, 0, 0, 0, 6, 40
"/home/lukachikvaidze/projects/sheuketee/src/routes/api/utils/verification/verify_code.js", "JavaScript", 0, 74, 0, 0, 0, 0, 0, 0, 11, 85
"/home/lukachikvaidze/projects/sheuketee/src/routes/api/xelosani/get_location.js", "JavaScript", 0, 19, 0, 0, 0, 0, 0, 0, 3, 22
"/home/lukachikvaidze/projects/sheuketee/src/routes/api/xelosani/modify/about.js", "JavaScript", 0, 34, 0, 0, 0, 0, 0, 0, 6, 40
"/home/lukachikvaidze/projects/sheuketee/src/routes/api/xelosani/modify/date.js", "JavaScript", 0, 29, 0, 0, 0, 0, 0, 0, 6, 35
"/home/lukachikvaidze/projects/sheuketee/src/routes/api/xelosani/modify/location.js", "JavaScript", 0, 15, 0, 0, 0, 0, 0, 0, 4, 19
"/home/lukachikvaidze/projects/sheuketee/src/routes/api/xelosani/modify/schedule.js", "JavaScript", 0, 67, 0, 0, 0, 0, 0, 0, 7, 74
"/home/lukachikvaidze/projects/sheuketee/src/routes/api/xelosani/modify/serviceMain/[publicId].js", "JavaScript", 0, 0, 0, 0, 0, 0, 0, 98, 14, 112
"/home/lukachikvaidze/projects/sheuketee/src/routes/api/xelosani/modify/skills.js", "JavaScript", 0, 34, 0, 0, 0, 0, 0, 0, 6, 40
"/home/lukachikvaidze/projects/sheuketee/src/routes/api/xelosani/service/add_service.js", "JavaScript", 0, 183, 0, 0, 0, 0, 0, 0, 19, 202
"/home/lukachikvaidze/projects/sheuketee/src/routes/api/xelosani/service/edit_service.js", "JavaScript", 0, 174, 0, 0, 0, 0, 0, 0, 19, 193
"/home/lukachikvaidze/projects/sheuketee/src/routes/api/xelosani/service/service.js", "JavaScript", 0, 45, 0, 0, 0, 0, 0, 0, 5, 50
"/home/lukachikvaidze/projects/sheuketee/src/routes/api/xelosani/setup/setup.js", "JavaScript", 0, 416, 0, 0, 0, 0, 0, 0, 70, 486
"/home/lukachikvaidze/projects/sheuketee/src/routes/api/xelosani/setup/step.js", "JavaScript", 0, 79, 0, 0, 0, 0, 0, 1, 11, 91
"/home/lukachikvaidze/projects/sheuketee/src/routes/assets/inputTime.css", "CSS", 0, 0, 0, 0, 0, 0, 22, 0, 6, 28
"/home/lukachikvaidze/projects/sheuketee/src/routes/damkveti/[id]/(Damkveti).jsx", "JavaScript JSX", 0, 0, 0, 0, 145, 0, 0, 0, 6, 151
"/home/lukachikvaidze/projects/sheuketee/src/routes/damkveti/[id]/ProfileLeft.jsx", "JavaScript JSX", 0, 0, 0, 0, 0, 0, 0, 385, 15, 400
"/home/lukachikvaidze/projects/sheuketee/src/routes/damkveti/[id]/ProfileRight.jsx", "JavaScript JSX", 0, 0, 0, 0, 0, 0, 0, 93, 3, 96
"/home/lukachikvaidze/projects/sheuketee/src/routes/damkveti/modals/ModifyAge.jsx", "JavaScript JSX", 0, 0, 0, 0, 0, 0, 0, 222, 14, 236
"/home/lukachikvaidze/projects/sheuketee/src/routes/damkveti/modals/ModifyLocationModal.js", "JavaScript", 0, 0, 0, 0, 0, 0, 0, 347, 33, 380
"/home/lukachikvaidze/projects/sheuketee/src/routes/damkveti/modals/georgianMonthNames.json", "JSON", 14, 0, 0, 0, 0, 0, 0, 0, 1, 15
"/home/lukachikvaidze/projects/sheuketee/src/routes/find/service/(BrowseServices).jsx", "JavaScript JSX", 0, 0, 0, 0, 66, 0, 0, 4, 4, 74
"/home/lukachikvaidze/projects/sheuketee/src/routes/find/service/Components/Distance.jsx", "JavaScript JSX", 0, 0, 0, 0, 8, 0, 0, 0, 0, 8
"/home/lukachikvaidze/projects/sheuketee/src/routes/find/service/Components/Filters.jsx", "JavaScript JSX", 0, 0, 0, 0, 103, 0, 0, 0, 2, 105
"/home/lukachikvaidze/projects/sheuketee/src/routes/find/service/Components/LocationFilter.jsx", "JavaScript JSX", 0, 0, 0, 0, 84, 0, 0, 0, 3, 87
"/home/lukachikvaidze/projects/sheuketee/src/routes/find/service/Components/PriceRange.jsx", "JavaScript JSX", 0, 0, 0, 0, 130, 0, 0, 0, 13, 143
"/home/lukachikvaidze/projects/sheuketee/src/routes/find/service/Components/ServicePagination.jsx", "JavaScript JSX", 0, 0, 0, 0, 85, 0, 0, 0, 4, 89
"/home/lukachikvaidze/projects/sheuketee/src/routes/find/service/Components/ServicesRenderer.jsx", "JavaScript JSX", 0, 0, 0, 0, 20, 0, 0, 0, 2, 22
"/home/lukachikvaidze/projects/sheuketee/src/routes/find/service/Components/SingleServiceRenderer.jsx", "JavaScript JSX", 0, 0, 0, 0, 90, 0, 0, 5, 9, 104
"/home/lukachikvaidze/projects/sheuketee/src/routes/find/service/Components/SortServices.jsx", "JavaScript JSX", 0, 0, 0, 0, 55, 0, 0, 0, 3, 58
"/home/lukachikvaidze/projects/sheuketee/src/routes/hire/(hire).jsx", "JavaScript JSX", 0, 0, 0, 0, 19, 0, 0, 0, 2, 21
"/home/lukachikvaidze/projects/sheuketee/src/routes/login/(Login).jsx", "JavaScript JSX", 0, 0, 0, 0, 76, 0, 0, 57, 7, 140
"/home/lukachikvaidze/projects/sheuketee/src/routes/map/MapRenderer.js", "JavaScript", 0, 145, 0, 0, 0, 0, 0, 8, 19, 172
"/home/lukachikvaidze/projects/sheuketee/src/routes/map/styles/roads.json", "JSON", 7371, 0, 0, 0, 0, 0, 0, 0, 0, 7371
"/home/lukachikvaidze/projects/sheuketee/src/routes/message.jsx", "JavaScript JSX", 0, 0, 0, 0, 48, 0, 0, 0, 3, 51
"/home/lukachikvaidze/projects/sheuketee/src/routes/message/[cid]/index.jsx", "JavaScript JSX", 0, 0, 0, 0, 6, 0, 0, 0, 2, 8
"/home/lukachikvaidze/projects/sheuketee/src/routes/message/index.jsx", "JavaScript JSX", 0, 0, 0, 0, 6, 0, 0, 0, 2, 8
"/home/lukachikvaidze/projects/sheuketee/src/routes/new/[id]/(CreateJob).jsx", "JavaScript JSX", 0, 0, 0, 0, 0, 0, 0, 1026, 42, 1068
"/home/lukachikvaidze/projects/sheuketee/src/routes/new/[id]/CreateJobMap.jsx", "JavaScript JSX", 0, 0, 0, 0, 311, 0, 0, 0, 26, 337
"/home/lukachikvaidze/projects/sheuketee/src/routes/new/[id]/MileStoneModal.jsx", "JavaScript JSX", 0, 0, 0, 0, 0, 0, 0, 103, 2, 105
"/home/lukachikvaidze/projects/sheuketee/src/routes/new/[id]/manual_location.jsx", "JavaScript JSX", 0, 0, 0, 0, 143, 0, 0, 0, 3, 146
"/home/lukachikvaidze/projects/sheuketee/src/routes/register.jsx", "JavaScript JSX", 0, 0, 0, 0, 20, 0, 0, 0, 2, 22
"/home/lukachikvaidze/projects/sheuketee/src/routes/register/[role]/(Role).jsx", "JavaScript JSX", 0, 0, 0, 0, 173, 0, 0, 0, 4, 177
"/home/lukachikvaidze/projects/sheuketee/src/routes/register/index.jsx", "JavaScript JSX", 0, 0, 0, 0, 35, 0, 0, 0, 3, 38
"/home/lukachikvaidze/projects/sheuketee/src/routes/resetpassword.jsx", "JavaScript JSX", 0, 0, 0, 0, 23, 0, 0, 0, 3, 26
"/home/lukachikvaidze/projects/sheuketee/src/routes/resetpassword/[profId]/[id]/index.jsx", "JavaScript JSX", 0, 0, 0, 0, 402, 0, 0, 0, 24, 426
"/home/lukachikvaidze/projects/sheuketee/src/routes/resetpassword/index.jsx", "JavaScript JSX", 0, 0, 0, 0, 142, 0, 0, 1, 12, 155
"/home/lukachikvaidze/projects/sheuketee/src/routes/search/(Search).jsx", "JavaScript JSX", 0, 0, 0, 0, 0, 0, 0, 77, 5, 82
"/home/lukachikvaidze/projects/sheuketee/src/routes/service/[id]/index.jsx", "JavaScript JSX", 0, 0, 0, 0, 389, 0, 0, 13, 20, 422
"/home/lukachikvaidze/projects/sheuketee/src/routes/setup/damkveti/step.jsx", "JavaScript JSX", 0, 0, 0, 0, 0, 0, 0, 100, 8, 108
"/home/lukachikvaidze/projects/sheuketee/src/routes/setup/damkveti/step/about.jsx", "JavaScript JSX", 0, 0, 0, 0, 0, 0, 0, 63, 6, 69
"/home/lukachikvaidze/projects/sheuketee/src/routes/setup/damkveti/step/age.jsx", "JavaScript JSX", 0, 0, 0, 0, 0, 0, 0, 186, 17, 203
"/home/lukachikvaidze/projects/sheuketee/src/routes/setup/damkveti/step/contact.jsx", "JavaScript JSX", 0, 0, 0, 0, 0, 0, 0, 77, 6, 83
"/home/lukachikvaidze/projects/sheuketee/src/routes/setup/damkveti/step/gender.jsx", "JavaScript JSX", 0, 0, 0, 0, 0, 0, 0, 57, 6, 63
"/home/lukachikvaidze/projects/sheuketee/src/routes/setup/damkveti/step/location.jsx", "JavaScript JSX", 0, 0, 0, 0, 0, 0, 0, 359, 36, 395
"/home/lukachikvaidze/projects/sheuketee/src/routes/setup/damkveti/step/photo.jsx", "JavaScript JSX", 0, 0, 0, 0, 0, 0, 0, 158, 16, 174
"/home/lukachikvaidze/projects/sheuketee/src/routes/setup/damkveti/steps.json", "JSON", 32, 0, 0, 0, 0, 0, 0, 0, 1, 33
"/home/lukachikvaidze/projects/sheuketee/src/routes/setup/xelosani/step.jsx", "JavaScript JSX", 0, 0, 0, 0, 99, 0, 0, 0, 8, 107
"/home/lukachikvaidze/projects/sheuketee/src/routes/setup/xelosani/step/about.jsx", "JavaScript JSX", 0, 0, 0, 0, 63, 0, 0, 0, 6, 69
"/home/lukachikvaidze/projects/sheuketee/src/routes/setup/xelosani/step/age.jsx", "JavaScript JSX", 0, 0, 0, 0, 187, 0, 0, 0, 17, 204
"/home/lukachikvaidze/projects/sheuketee/src/routes/setup/xelosani/step/contact.jsx", "JavaScript JSX", 0, 0, 0, 0, 82, 0, 0, 0, 6, 88
"/home/lukachikvaidze/projects/sheuketee/src/routes/setup/xelosani/step/gender.jsx", "JavaScript JSX", 0, 0, 0, 0, 57, 0, 0, 0, 6, 63
"/home/lukachikvaidze/projects/sheuketee/src/routes/setup/xelosani/step/location.jsx", "JavaScript JSX", 0, 0, 0, 0, 78, 0, 0, 0, 6, 84
"/home/lukachikvaidze/projects/sheuketee/src/routes/setup/xelosani/step/photo.jsx", "JavaScript JSX", 0, 0, 0, 0, 164, 0, 0, 0, 12, 176
"/home/lukachikvaidze/projects/sheuketee/src/routes/setup/xelosani/step/schedule.jsx", "JavaScript JSX", 0, 0, 0, 0, 66, 0, 0, 0, 5, 71
"/home/lukachikvaidze/projects/sheuketee/src/routes/setup/xelosani/step/skills.jsx", "JavaScript JSX", 0, 0, 0, 0, 277, 0, 0, 0, 13, 290
"/home/lukachikvaidze/projects/sheuketee/src/routes/setup/xelosani/steps.json", "JSON", 42, 0, 0, 0, 0, 0, 0, 0, 1, 43
"/home/lukachikvaidze/projects/sheuketee/src/routes/talent/(Talent).jsx", "JavaScript JSX", 0, 0, 0, 0, 8, 0, 0, 0, 2, 10
"/home/lukachikvaidze/projects/sheuketee/src/routes/work/(Work).jsx", "JavaScript JSX", 0, 0, 0, 0, 27, 0, 0, 0, 4, 31
"/home/lukachikvaidze/projects/sheuketee/src/routes/work/components/Jobs.jsx", "JavaScript JSX", 0, 0, 0, 0, 151, 0, 0, 2, 3, 156
"/home/lukachikvaidze/projects/sheuketee/src/routes/work/components/Map.jsx", "JavaScript JSX", 0, 0, 0, 0, 7, 0, 0, 0, 0, 7
"/home/lukachikvaidze/projects/sheuketee/src/routes/work/components/Paginate.jsx", "JavaScript JSX", 0, 0, 0, 0, 24, 0, 0, 0, 2, 26
"/home/lukachikvaidze/projects/sheuketee/src/routes/work/components/SearchWork.jsx", "JavaScript JSX", 0, 0, 0, 0, 11, 0, 0, 0, 1, 12
"/home/lukachikvaidze/projects/sheuketee/src/routes/work/components/filter-comps/JobType.jsx", "JavaScript JSX", 0, 0, 0, 0, 49, 0, 0, 0, 1, 50
"/home/lukachikvaidze/projects/sheuketee/src/routes/work/components/filter-comps/Location.jsx", "JavaScript JSX", 0, 0, 0, 0, 87, 0, 0, 0, 3, 90
"/home/lukachikvaidze/projects/sheuketee/src/routes/work/components/filter-comps/Pay.jsx", "JavaScript JSX", 0, 0, 0, 0, 11, 0, 0, 0, 0, 11
"/home/lukachikvaidze/projects/sheuketee/src/routes/work/components/filter-comps/Sort.jsx", "JavaScript JSX", 0, 0, 0, 0, 10, 0, 0, 0, 0, 10
"/home/lukachikvaidze/projects/sheuketee/src/routes/work/components/scrollbar.css", "CSS", 0, 0, 0, 0, 0, 0, 15, 0, 3, 18
"/home/lukachikvaidze/projects/sheuketee/src/routes/xelosani/[id]/(Xelosani).jsx", "JavaScript JSX", 0, 0, 0, 0, 220, 0, 0, 0, 7, 227
"/home/lukachikvaidze/projects/sheuketee/src/routes/xelosani/[id]/ProfileLeft.jsx", "JavaScript JSX", 0, 0, 0, 0, 576, 0, 0, 0, 21, 597
"/home/lukachikvaidze/projects/sheuketee/src/routes/xelosani/[id]/ProfileRight.jsx", "JavaScript JSX", 0, 0, 0, 0, 109, 0, 0, 0, 6, 115
"/home/lukachikvaidze/projects/sheuketee/src/routes/xelosani/[id]/Services.jsx", "JavaScript JSX", 0, 0, 0, 0, 114, 0, 0, 0, 6, 120
"/home/lukachikvaidze/projects/sheuketee/src/routes/xelosani/[id]/SkillCarousel.jsx", "JavaScript JSX", 0, 0, 0, 0, 52, 0, 0, 29, 3, 84
"/home/lukachikvaidze/projects/sheuketee/src/routes/xelosani/modals/ModifyAbout.jsx", "JavaScript JSX", 0, 0, 0, 0, 53, 0, 0, 0, 3, 56
"/home/lukachikvaidze/projects/sheuketee/src/routes/xelosani/modals/ModifyAge.jsx", "JavaScript JSX", 0, 0, 0, 0, 239, 0, 0, 0, 15, 254
"/home/lukachikvaidze/projects/sheuketee/src/routes/xelosani/modals/ModifyLocationModal.js", "JavaScript", 0, 0, 0, 0, 0, 0, 0, 348, 34, 382
"/home/lukachikvaidze/projects/sheuketee/src/routes/xelosani/modals/ModifyServiceFront.jsx", "JavaScript JSX", 0, 0, 0, 0, 653, 0, 0, 1, 26, 680
"/home/lukachikvaidze/projects/sheuketee/src/routes/xelosani/modals/ModifySkills.jsx", "JavaScript JSX", 0, 0, 0, 0, 330, 0, 0, 0, 10, 340
"/home/lukachikvaidze/projects/sheuketee/src/routes/xelosani/modals/ModifyWorkSchedule.jsx", "JavaScript JSX", 0, 0, 0, 0, 76, 0, 0, 0, 1, 77
"/home/lukachikvaidze/projects/sheuketee/src/routes/xelosani/services/(Services).jsx", "JavaScript JSX", 0, 0, 0, 0, 988, 0, 0, 13, 42, 1043
"/home/lukachikvaidze/projects/sheuketee/src/routes/xelosani/services/ImagePreview.jsx", "JavaScript JSX", 0, 0, 0, 0, 61, 0, 0, 0, 4, 65
"/home/lukachikvaidze/projects/sheuketee/src/routes/xelosani/services/ServiceSchedule.jsx", "JavaScript JSX", 0, 0, 0, 0, 99, 0, 0, 0, 2, 101
"/home/lukachikvaidze/projects/sheuketee/src/routes/xelosani/services/ServicesModal.jsx", "JavaScript JSX", 0, 0, 0, 0, 95, 0, 0, 0, 2, 97
"/home/lukachikvaidze/projects/sheuketee/src/svg-images/Arrow Right.svg", "XML", 0, 0, 0, 0, 0, 3, 0, 0, 0, 3
"/home/lukachikvaidze/projects/sheuketee/src/svg-images/ChevronLeftBlack.svg", "XML", 0, 0, 0, 0, 0, 7, 0, 0, 1, 8
"/home/lukachikvaidze/projects/sheuketee/src/svg-images/ChevronRightBlack.svg", "XML", 0, 0, 0, 0, 0, 6, 0, 0, 0, 6
"/home/lukachikvaidze/projects/sheuketee/src/svg-images/Microsoft worked with Upwork to collaborate on an integrated solution that helps enterprises work with freelancers at scale powered by Microsoft 365 and Upwork Enterprise.-1.svg", "XML", 0, 0, 0, 0, 0, 1, 0, 0, 0, 1
"/home/lukachikvaidze/projects/sheuketee/src/svg-images/accessibility-availability-custom-svgrepo-com.svg", "XML", 0, 0, 0, 0, 0, 8, 0, 0, 7, 15
"/home/lukachikvaidze/projects/sheuketee/src/svg-images/airplane.svg", "XML", 0, 0, 0, 0, 0, 21, 0, 0, 0, 21
"/home/lukachikvaidze/projects/sheuketee/src/svg-images/arrow-left.svg", "XML", 0, 0, 0, 0, 0, 3, 0, 0, 0, 3
"/home/lukachikvaidze/projects/sheuketee/src/svg-images/bell.svg", "XML", 0, 0, 0, 0, 0, 3, 0, 0, 0, 3
"/home/lukachikvaidze/projects/sheuketee/src/svg-images/box-arrow-right.svg", "XML", 0, 0, 0, 0, 0, 4, 0, 0, 0, 4
"/home/lukachikvaidze/projects/sheuketee/src/svg-images/cake.svg", "XML", 0, 0, 0, 0, 0, 1, 0, 0, 0, 1
"/home/lukachikvaidze/projects/sheuketee/src/svg-images/camera.svg", "XML", 0, 0, 0, 0, 0, 4, 0, 0, 0, 4
"/home/lukachikvaidze/projects/sheuketee/src/svg-images/check-gray.svg", "XML", 0, 0, 0, 0, 0, 3, 0, 0, 0, 3
"/home/lukachikvaidze/projects/sheuketee/src/svg-images/check.svg", "XML", 0, 0, 0, 0, 0, 3, 0, 0, 0, 3
"/home/lukachikvaidze/projects/sheuketee/src/svg-images/checkedGreen.svg", "XML", 0, 0, 0, 0, 0, 10, 0, 0, 0, 10
"/home/lukachikvaidze/projects/sheuketee/src/svg-images/chevron-left.svg", "XML", 0, 0, 0, 0, 0, 3, 0, 0, 0, 3
"/home/lukachikvaidze/projects/sheuketee/src/svg-images/chevron-right.svg", "XML", 0, 0, 0, 0, 0, 3, 0, 0, 0, 3
"/home/lukachikvaidze/projects/sheuketee/src/svg-images/double-arrow-left-icon.svg", "XML", 0, 0, 0, 0, 0, 1, 0, 0, 0, 1
"/home/lukachikvaidze/projects/sheuketee/src/svg-images/double-arrow-right-icon.svg", "XML", 0, 0, 0, 0, 0, 1, 0, 0, 0, 1
"/home/lukachikvaidze/projects/sheuketee/src/svg-images/edit_icon.svg", "XML", 0, 0, 0, 0, 0, 1, 0, 0, 0, 1
"/home/lukachikvaidze/projects/sheuketee/src/svg-images/envelope.svg", "XML", 0, 0, 0, 0, 0, 3, 0, 0, 0, 3
"/home/lukachikvaidze/projects/sheuketee/src/svg-images/exclamation.svg", "XML", 0, 0, 0, 0, 0, 3, 0, 0, 0, 3
"/home/lukachikvaidze/projects/sheuketee/src/svg-images/exclamationWhite.svg", "XML", 0, 0, 0, 0, 0, 3, 0, 0, 0, 3
"/home/lukachikvaidze/projects/sheuketee/src/svg-images/external_link.svg", "XML", 0, 0, 0, 0, 0, 1, 0, 0, 0, 1
"/home/lukachikvaidze/projects/sheuketee/src/svg-images/eye-fill.svg", "XML", 0, 0, 0, 0, 0, 4, 0, 0, 0, 4
"/home/lukachikvaidze/projects/sheuketee/src/svg-images/eye-slash.svg", "XML", 0, 0, 0, 0, 0, 5, 0, 0, 0, 5
"/home/lukachikvaidze/projects/sheuketee/src/svg-images/facebook.svg", "XML", 0, 0, 0, 0, 0, 3, 0, 0, 0, 3
"/home/lukachikvaidze/projects/sheuketee/src/svg-images/filter-svg.svg", "XML", 0, 0, 0, 0, 0, 13, 0, 0, 0, 13
"/home/lukachikvaidze/projects/sheuketee/src/svg-images/findWorker.svg", "XML", 0, 0, 0, 0, 0, 32, 0, 0, 0, 32
"/home/lukachikvaidze/projects/sheuketee/src/svg-images/form.svg", "XML", 0, 0, 0, 0, 0, 4, 0, 0, 0, 4
"/home/lukachikvaidze/projects/sheuketee/src/svg-images/gear.svg", "XML", 0, 0, 0, 0, 0, 4, 0, 0, 0, 4
"/home/lukachikvaidze/projects/sheuketee/src/svg-images/hero_svg.svg", "XML", 0, 0, 0, 0, 0, 1, 0, 0, 0, 1
"/home/lukachikvaidze/projects/sheuketee/src/svg-images/hirer.svg", "XML", 0, 0, 0, 0, 0, 1, 0, 0, 0, 1
"/home/lukachikvaidze/projects/sheuketee/src/svg-images/hiring.svg", "XML", 0, 0, 0, 0, 0, 1, 0, 0, 0, 1
"/home/lukachikvaidze/projects/sheuketee/src/svg-images/images.svg", "XML", 0, 0, 0, 0, 0, 4, 0, 0, 0, 4
"/home/lukachikvaidze/projects/sheuketee/src/svg-images/interview.svg", "XML", 0, 0, 0, 0, 0, 1, 0, 0, 0, 1
"/home/lukachikvaidze/projects/sheuketee/src/svg-images/job.svg", "XML", 0, 0, 0, 0, 0, 1, 0, 0, 0, 1
"/home/lukachikvaidze/projects/sheuketee/src/svg-images/jobComplete.svg", "XML", 0, 0, 0, 0, 0, 1, 0, 0, 0, 1
"/home/lukachikvaidze/projects/sheuketee/src/svg-images/job_application.svg", "XML", 0, 0, 0, 0, 0, 8, 0, 0, 0, 8
"/home/lukachikvaidze/projects/sheuketee/src/svg-images/job_done.svg", "XML", 0, 0, 0, 0, 0, 1, 0, 0, 0, 1
"/home/lukachikvaidze/projects/sheuketee/src/svg-images/job_hunt.svg", "XML", 0, 0, 0, 0, 0, 1, 0, 0, 0, 1
"/home/lukachikvaidze/projects/sheuketee/src/svg-images/location.svg", "XML", 0, 0, 0, 0, 0, 1, 0, 0, 0, 1
"/home/lukachikvaidze/projects/sheuketee/src/svg-images/locationWhite.svg", "XML", 0, 0, 0, 0, 0, 1, 0, 0, 0, 1
"/home/lukachikvaidze/projects/sheuketee/src/svg-images/long-arrow-left.svg", "XML", 0, 0, 0, 0, 0, 4, 0, 0, 0, 4
"/home/lukachikvaidze/projects/sheuketee/src/svg-images/man.svg", "XML", 0, 0, 0, 0, 0, 1, 0, 0, 0, 1
"/home/lukachikvaidze/projects/sheuketee/src/svg-images/map.svg", "XML", 0, 0, 0, 0, 0, 3, 0, 0, 0, 3
"/home/lukachikvaidze/projects/sheuketee/src/svg-images/new_post.svg", "XML", 0, 0, 0, 0, 0, 1, 0, 0, 0, 1
"/home/lukachikvaidze/projects/sheuketee/src/svg-images/payment.svg", "XML", 0, 0, 0, 0, 0, 1, 0, 0, 0, 1
"/home/lukachikvaidze/projects/sheuketee/src/svg-images/pen.svg", "XML", 0, 0, 0, 0, 0, 3, 0, 0, 0, 3
"/home/lukachikvaidze/projects/sheuketee/src/svg-images/person.svg", "XML", 0, 0, 0, 0, 0, 3, 0, 0, 0, 3
"/home/lukachikvaidze/projects/sheuketee/src/svg-images/pitch-hirer.svg", "XML", 0, 0, 0, 0, 0, 1, 0, 0, 0, 1
"/home/lukachikvaidze/projects/sheuketee/src/svg-images/plus.svg", "XML", 0, 0, 0, 0, 0, 3, 0, 0, 0, 3
"/home/lukachikvaidze/projects/sheuketee/src/svg-images/plusBlack.svg", "XML", 0, 0, 0, 0, 0, 3, 0, 0, 0, 3
"/home/lukachikvaidze/projects/sheuketee/src/svg-images/price-tag.svg", "XML", 0, 0, 0, 0, 0, 1, 0, 0, 0, 1
"/home/lukachikvaidze/projects/sheuketee/src/svg-images/redlocation.svg", "XML", 0, 0, 0, 0, 0, 11, 0, 1, 1, 13
"/home/lukachikvaidze/projects/sheuketee/src/svg-images/shield.svg", "XML", 0, 0, 0, 0, 0, 3, 0, 0, 0, 3
"/home/lukachikvaidze/projects/sheuketee/src/svg-images/spinner.svg", "XML", 0, 0, 0, 0, 0, 12, 0, 0, 0, 12
"/home/lukachikvaidze/projects/sheuketee/src/svg-images/svgexport-1.svg", "XML", 0, 0, 0, 0, 0, 1, 0, 0, 0, 1
"/home/lukachikvaidze/projects/sheuketee/src/svg-images/svgexport-10.svg", "XML", 0, 0, 0, 0, 0, 1, 0, 0, 0, 1
"/home/lukachikvaidze/projects/sheuketee/src/svg-images/svgexport-11.svg", "XML", 0, 0, 0, 0, 0, 1, 0, 0, 0, 1
"/home/lukachikvaidze/projects/sheuketee/src/svg-images/svgexport-12.svg", "XML", 0, 0, 0, 0, 0, 1, 0, 0, 0, 1
"/home/lukachikvaidze/projects/sheuketee/src/svg-images/svgexport-13.svg", "XML", 0, 0, 0, 0, 0, 1, 0, 0, 0, 1
"/home/lukachikvaidze/projects/sheuketee/src/svg-images/svgexport-14.svg", "XML", 0, 0, 0, 0, 0, 1, 0, 0, 0, 1
"/home/lukachikvaidze/projects/sheuketee/src/svg-images/svgexport-16.svg", "XML", 0, 0, 0, 0, 0, 1, 0, 0, 0, 1
"/home/lukachikvaidze/projects/sheuketee/src/svg-images/svgexport-17.svg", "XML", 0, 0, 0, 0, 0, 1, 0, 0, 0, 1
"/home/lukachikvaidze/projects/sheuketee/src/svg-images/svgexport-18.svg", "XML", 0, 0, 0, 0, 0, 1, 0, 0, 0, 1
"/home/lukachikvaidze/projects/sheuketee/src/svg-images/svgexport-19.svg", "XML", 0, 0, 0, 0, 0, 1, 0, 0, 0, 1
"/home/lukachikvaidze/projects/sheuketee/src/svg-images/svgexport-2.svg", "XML", 0, 0, 0, 0, 0, 1, 0, 0, 0, 1
"/home/lukachikvaidze/projects/sheuketee/src/svg-images/svgexport-20.svg", "XML", 0, 0, 0, 0, 0, 1, 0, 0, 0, 1
"/home/lukachikvaidze/projects/sheuketee/src/svg-images/svgexport-21.svg", "XML", 0, 0, 0, 0, 0, 1, 0, 0, 0, 1
"/home/lukachikvaidze/projects/sheuketee/src/svg-images/svgexport-22.svg", "XML", 0, 0, 0, 0, 0, 1, 0, 0, 0, 1
"/home/lukachikvaidze/projects/sheuketee/src/svg-images/svgexport-23.svg", "XML", 0, 0, 0, 0, 0, 1, 0, 0, 0, 1
"/home/lukachikvaidze/projects/sheuketee/src/svg-images/svgexport-24.svg", "XML", 0, 0, 0, 0, 0, 3, 0, 0, 0, 3
"/home/lukachikvaidze/projects/sheuketee/src/svg-images/svgexport-25.svg", "XML", 0, 0, 0, 0, 0, 1, 0, 0, 0, 1
"/home/lukachikvaidze/projects/sheuketee/src/svg-images/svgexport-26.svg", "XML", 0, 0, 0, 0, 0, 1, 0, 0, 0, 1
"/home/lukachikvaidze/projects/sheuketee/src/svg-images/svgexport-27.svg", "XML", 0, 0, 0, 0, 0, 1, 0, 0, 0, 1
"/home/lukachikvaidze/projects/sheuketee/src/svg-images/svgexport-28.svg", "XML", 0, 0, 0, 0, 0, 1, 0, 0, 0, 1
"/home/lukachikvaidze/projects/sheuketee/src/svg-images/svgexport-29.svg", "XML", 0, 0, 0, 0, 0, 1, 0, 0, 0, 1
"/home/lukachikvaidze/projects/sheuketee/src/svg-images/svgexport-3.svg", "XML", 0, 0, 0, 0, 0, 1, 0, 0, 0, 1
"/home/lukachikvaidze/projects/sheuketee/src/svg-images/svgexport-30.svg", "XML", 0, 0, 0, 0, 0, 1, 0, 0, 0, 1
"/home/lukachikvaidze/projects/sheuketee/src/svg-images/svgexport-31.svg", "XML", 0, 0, 0, 0, 0, 1, 0, 0, 0, 1
"/home/lukachikvaidze/projects/sheuketee/src/svg-images/svgexport-32.svg", "XML", 0, 0, 0, 0, 0, 1, 0, 0, 0, 1
"/home/lukachikvaidze/projects/sheuketee/src/svg-images/svgexport-33.svg", "XML", 0, 0, 0, 0, 0, 1, 0, 0, 0, 1
"/home/lukachikvaidze/projects/sheuketee/src/svg-images/svgexport-34.svg", "XML", 0, 0, 0, 0, 0, 1, 0, 0, 0, 1
"/home/lukachikvaidze/projects/sheuketee/src/svg-images/svgexport-5.svg", "XML", 0, 0, 0, 0, 0, 1, 0, 0, 0, 1
"/home/lukachikvaidze/projects/sheuketee/src/svg-images/svgexport-6.svg", "XML", 0, 0, 0, 0, 0, 1, 0, 0, 0, 1
"/home/lukachikvaidze/projects/sheuketee/src/svg-images/svgexport-7.svg", "XML", 0, 0, 0, 0, 0, 1, 0, 0, 0, 1
"/home/lukachikvaidze/projects/sheuketee/src/svg-images/svgexport-8.svg", "XML", 0, 0, 0, 0, 0, 1, 0, 0, 0, 1
"/home/lukachikvaidze/projects/sheuketee/src/svg-images/svgexport-9.svg", "XML", 0, 0, 0, 0, 0, 1, 0, 0, 0, 1
"/home/lukachikvaidze/projects/sheuketee/src/svg-images/telephone.svg", "XML", 0, 0, 0, 0, 0, 3, 0, 0, 0, 3
"/home/lukachikvaidze/projects/sheuketee/src/svg-images/three-dots.svg", "XML", 0, 0, 0, 0, 0, 3, 0, 0, 0, 3
"/home/lukachikvaidze/projects/sheuketee/src/svg-images/thumbnails-svgrepo-com.svg", "XML", 0, 0, 0, 0, 0, 20, 0, 0, 0, 20
"/home/lukachikvaidze/projects/sheuketee/src/svg-images/trash.svg", "XML", 0, 0, 0, 0, 0, 4, 0, 0, 0, 4
"/home/lukachikvaidze/projects/sheuketee/src/svg-images/uploadIcon.svg", "XML", 0, 0, 0, 0, 0, 17, 0, 0, 0, 17
"/home/lukachikvaidze/projects/sheuketee/src/svg-images/vsuc_Skills_11.svg", "XML", 0, 0, 0, 0, 0, 1, 0, 0, 0, 1
"/home/lukachikvaidze/projects/sheuketee/src/svg-images/welcome.svg", "XML", 0, 0, 0, 0, 0, 1, 0, 0, 0, 1
"/home/lukachikvaidze/projects/sheuketee/src/svg-images/woman.svg", "XML", 0, 0, 0, 0, 0, 1, 0, 0, 0, 1
"/home/lukachikvaidze/projects/sheuketee/src/svg-images/worker.svg", "XML", 0, 0, 0, 0, 0, 1, 0, 0, 0, 1
"/home/lukachikvaidze/projects/sheuketee/tailwind.config.js", "JavaScript", 0, 26, 0, 0, 0, 0, 0, 1, 0, 27
"Total", "-", 17596, 2801, 20, 11, 9894, 318, 148, 4682, 1332, 36802